Model,Train_MAE,Test_MAE
LinearRegression,0.5286283596581935,0.5332001304956565
RandomForest,0.291762830132826,0.36628896132800176
gplearn_GP,0.46931387089368215,0.47510953425601854
