Model,Train_MAE,Test_MAE
LinearRegression,43.48350352398039,42.79409467959996
RandomForest,18.863133598463797,44.382596979146136
gplearn_GP,47.973747376173804,40.21335400058988
